{
    "openapi": "3.0.0",
    "info": {
        "title": "sendSamples",
        "version": "1.0.0"
    },
    "servers": [
        {
            "url": "vb-catalog://backends/uploadSample"
        }
    ],
    "paths": {
        "/upload": {
            "post": {
                "operationId": "postUpload",
                "requestBody": {
                    "content": {
                        "multipart/form-data": {
                            "schema": {
                                "$ref": "#/components/schemas/PostUploadRequest"
                            }
                        }
                    }
                },
                "responses": {
                    "default": {
                        "description": "Response for default",
                        "content": {
                            "application/json": {
                                "schema": {
                                    "$ref": "#/components/schemas/PostUploadResponse"
                                },
                                "examples": {
                                    "vb": {
                                        "summary": "Example stored by VB User",
                                        "externalValue": "./examples/postUpload/response_default_application_json_vb.json"
                                    }
                                }
                            }
                        }
                    }
                },
                "x-vb": {
                    "actionHint": "create"
                }
            }
        }
    },
    "components": {
        "schemas": {
            "PostUploadRequest": {
                "type": "object",
                "properties": {
                    "file": {
                        "type": "string",
                        "format": "binary"
                    },
                    "userID": {
                        "type": "string"
                    }
                }
            },
            "PostUploadResponse": {
                "type": "object",
                "properties": {
                    "files_processed": {
                        "type": "integer"
                    },
                    "message": {
                        "type": "string"
                    },
                    "processed_files": {
                        "type": "array",
                        "items": {
                            "type": "object",
                            "properties": {
                                "converted_name": {
                                    "type": "string"
                                },
                                "original_name": {
                                    "type": "string"
                                }
                            }
                        }
                    },
                    "source_files": {
                        "type": "array",
                        "items": {
                            "type": "string"
                        }
                    },
                    "total_files": {
                        "type": "integer"
                    }
                }
            }
        }
    }
}