{

  "id": "starter",
  "description": "Starter VB app",
  "defaultPage": "shell",
  "routerStrategy": "path",
  "chains": {},
  "configuration": {
    "profile": "DT"
  },
    "imports": {
    "css": [
      "/resources/css/app.css",
      "https://static.oracle.com/cdn/fnd/gallery/2407.0.0/images/iconfont/ojuxIconFont.min.css"
    ]
  },
  "requirejs": {
    "paths": {
      "oj-dyn": "https://static.oracle.com/cdn/jet/packs/oj-dyn/16.1.6/min/",
      "oj-fa-bigjs": "https://static.oracle.com/cdn/spectra-ui/3rdParty/2404.0.0/big.js-6.2.1/",
      "oj-oacp": "https://static.oracle.com/cdn/oars/packs/oj-oacp/2410.0.2/min",
      "oj-oars": "https://static.oracle.com/cdn/oars/packs/oj-oars/2410.0.2/min",
      "oj-sample": "https://static.oracle.com/cdn/jet/packs/oj-sample/8.0.0/min",
      "oj-sp": "https://static.oracle.com/cdn/spectra-ui/oj-sp/2410.0.3/",
      "oj-dynamic": "https://static.oracle.com/cdn/jet/packs/oj-dynamic/16.1.6/min/"

    },
    "bundles": {
      "oj-dyn/component-bundle": [
        "oj-dyn/bind-field/loader",
        "oj-dyn/bind-section/loader",
        "oj-dyn/container/loader",
        "oj-dyn/form/loader",
        "oj-dyn/form/resources/nls"
      ],
      "oj-dynamic/common-bundle": [
        "oj-dynamic/providers/AdfBCExtension",
        "oj-dynamic/providers/ComponentLayoutProvider",
        "oj-dynamic/providers/ContainerLayoutProvider",
        "oj-dynamic/providers/ContainerMetadataProviderFactory",
        "oj-dynamic/providers/DefaultFetchable",
        "oj-dynamic/providers/DynamicDataProvider",
        "oj-dynamic/providers/DynamicLayoutMetadataProvider",
        "oj-dynamic/providers/DynamicLayoutMetadataProviderFactory",
        "oj-dynamic/providers/DynamicLayoutProvider",
        "oj-dynamic/providers/Explodable",
        "oj-dynamic/providers/Extension",
        "oj-dynamic/providers/Fetchable",
        "oj-dynamic/providers/HeterogeneousMetadataProvider",
        "oj-dynamic/providers/HeterogeneousMetadataProviderFactory",
        "oj-dynamic/providers/JsonFetchable",
        "oj-dynamic/providers/JsonMetadataProvider",
        "oj-dynamic/providers/JsonMetadataProviderFactory",
        "oj-dynamic/providers/JsonMetadataSchema",
        "oj-dynamic/providers/LocalMetadataProvider",
        "oj-dynamic/providers/LocalMetadataProviderFactory",
        "oj-dynamic/providers/MetadataContentManager",
        "oj-dynamic/providers/MetadataDrivenLayoutProviderMixin",
        "oj-dynamic/providers/MetadataHelpers",
        "oj-dynamic/providers/MetadataProviderFactory",
        "oj-dynamic/providers/MetadataProviderManager",
        "oj-dynamic/providers/MetadataTransformer",
        "oj-dynamic/providers/OpenAPISchema",
        "oj-dynamic/providers/ResolvedLayoutCachingMetadataProvider",
        "oj-dynamic/providers/ResolvedLayoutCachingMetadataProviderFactory",
        "oj-dynamic/providers/ServiceFetchable",
        "oj-dynamic/providers/ServiceMetadataProvider",
        "oj-dynamic/providers/ServiceMetadataProviderFactory",
        "oj-dynamic/providers/TransformState",
        "oj-dynamic/providers/TypeDefinitions",
        "oj-dynamic/shared/ComponentFetchAttribute",
        "oj-dynamic/shared/DataProviderFactory",
        "oj-dynamic/shared/DataProviderFactoryManager",
        "oj-dynamic/shared/DefaultRestDataProvider",
        "oj-dynamic/shared/DynamicDataProviderFactory",
        "oj-dynamic/shared/DynamicInputContacts",
        "oj-dynamic/shared/DynamicInputRegistry",
        "oj-dynamic/shared/DynamicLayout",
        "oj-dynamic/shared/DynamicLayoutContextProperty",
        "oj-dynamic/shared/DynamicUIMetadata",
        "oj-dynamic/shared/ExpressionManager",
        "oj-dynamic/shared/ExtensibleMetadata",
        "oj-dynamic/shared/JsonMetadata",
        "oj-dynamic/shared/LayoutProvider",
        "oj-dynamic/shared/MetadataProvider",
        "oj-dynamic/shared/polyfills",
        "oj-dynamic/shared/ProviderFeatures",
        "oj-dynamic/shared/RestUtils",
        "oj-dynamic/shared/SharedTypes",
        "oj-dynamic/shared/UriTemplateUtils",
        "oj-dynamic/shared/vbHelperCacheManager",
        "oj-dynamic/utils/BusinessRuleEngine",
        "oj-dynamic/utils/CommonUtils",
        "oj-dynamic/utils/DynamicComponentUtil",
        "oj-dynamic/utils/DynamicContainerUtils",
        "oj-dynamic/utils/DynamicFormRenderUtils",
        "oj-dynamic/utils/DynamicFormUtils",
        "oj-dynamic/utils/DynamicInputFactory",
        "oj-dynamic/utils/DynamicLOVUtil",
        "oj-dynamic/utils/DynamicLayoutEngine",
        "oj-dynamic/utils/JetUtils",
        "oj-dynamic/utils/KeyConversionDataProvider",
        "oj-dynamic/utils/LayoutExpressionUtils",
        "oj-dynamic/utils/MacroTaskQueue"        ,
        "oj-dynamic/utils/MetadataUtils"        ,
        "oj-dynamic/utils/MicroTaskQueue"        ,
        "oj-dynamic/utils/UtilTypes"
      ],
      "oj-dynamic/component-bundle": [
        "oj-dynamic/bind-field/loader",
        "oj-dynamic/bind-section/loader",
        "oj-dynamic/container/loader",
        "oj-dynamic/form/loader",
        "oj-dynamic/table/loader",
        "oj-dynamic/table/resources/nls",
        "oj-dynamic/form/resources/nls"
      ],
      "oj-oacp/oars-3rdparty": [
        "oj-oacp/pubsub/events/pubsub/api/context_provider",
        "oj-oacp/pubsub/events/pubsub/api/event_bus",
        "oj-oacp/pubsub/events/pubsub/api/publisher",
        "oj-oacp/pubsub/events/pubsub/api/subscription",
        "oj-oacp/pubsub/events/pubsub/api/types",
        "oj-oacp/pubsub/events/pubsub/impl/context/vb/shim/NoopScopeManager",
        "oj-oacp/pubsub/events/pubsub/impl/context/vb/shim/NoopSpan",
        "oj-oacp/pubsub/events/pubsub/impl/context/vb/shim/NoopTracer",
        "oj-oacp/pubsub/events/pubsub/impl/context/vb/VbContextProvider",
        "oj-oacp/pubsub/events/pubsub/impl/EventBusImpl",
        "oj-oacp/pubsub/events/pubsub/impl/provider/EventBusProvider",
        "oj-oacp/pubsub/events/pubsub/impl/PublisherImpl",
        "oj-oacp/pubsub/events/pubsub/impl/queue/message_queue",
        "oj-oacp/pubsub/events/pubsub/impl/SubscriptionBuilder",
        "oj-oacp/pubsub/events/pubsub/impl/SubscriptionImpl",
        "oj-oacp/pubsub/events/pubsub/impl/topic/AbstractBufferedTopic",
        "oj-oacp/pubsub/events/pubsub/impl/topic/BaseTopic",
        "oj-oacp/pubsub/events/pubsub/impl/topic/IdleTopic",
        "oj-oacp/pubsub/events/pubsub/impl/topic/ImmediateTopic",
        "oj-oacp/pubsub/events/pubsub/impl/topic/PeriodicTopic",
        "oj-oacp/pubsub/events/pubsub/impl/topic/topic",
        "oj-oacp/pubsub/events/pubsub/impl/topic/topic_options",
        "oj-oacp/pubsub/index",
        "oj-oacp/pubsub/util/DevFlags",
        "oj-oacp/pubsub/util/IdleUtils",
        "oj-oacp/pubsub/util/PlatformUtils",
        "oj-oacp/pubsub/version"
      ],
      "oj-oars/oars-bundle": [
        "oj-oars/resource/api",
        "oj-oars/resource/CreateDataProviderOptions",
        "oj-oars/resource/oarsconfig",
        "oj-oars/resource/PubSubSeedingEventPayload",
        "oj-oars/resource/SuggestionDetails",
        "oj-oars/resource/SuggestionsInlineMergeDataProvider",
        "oj-oars/resource/SuggestionsItemDataProvider",
        "oj-oars/resource/SuggestionsReorderDataProvider",
        "oj-oars/resource/RecommendationsMetadataTransform"
      ],
      "oj-oars/oars-client-core": [
        "oj-oars/resource/internal/core/app/ConfigOptionsApplier",
        "oj-oars/resource/internal/core/app/DataProviderFacade",
        "oj-oars/resource/internal/core/app/EnableOrDisableOptions",
        "oj-oars/resource/internal/core/app/EnableSynchronizationOptions",
        "oj-oars/resource/internal/core/app/GetSuggestionsArgs",
        "oj-oars/resource/internal/core/app/GetSuggestionsListArgs",
        "oj-oars/resource/internal/core/app/HelpersFacade",
        "oj-oars/resource/internal/core/app/OarsConfigurationOptions",
        "oj-oars/resource/internal/core/app/OarsConfigurator",
        "oj-oars/resource/internal/core/app/OarsConfigureArgs",
        "oj-oars/resource/internal/core/app/OarsFacade",
        "oj-oars/resource/internal/core/app/OarsStarter",
        "oj-oars/resource/internal/core/app/PolicyProxy",
        "oj-oars/resource/internal/core/app/PurgeSuggestionsArgs",
        "oj-oars/resource/internal/core/app/RecommendationsMetadataTransform",
        "oj-oars/resource/internal/core/app/SupportedIngestionEventsManager",
        "oj-oars/resource/internal/core/app/defaultValue/DefaultValue",
        "oj-oars/resource/internal/core/app/defaultValue/DefaultValueArgs",
        "oj-oars/resource/internal/core/app/defaultValue/DefaultValueHandler",
        "oj-oars/resource/internal/core/app/defaultValue/PublishDefaultValuesArgs",
        "oj-oars/resource/internal/core/app/events/HardContextPropertyChangeEventProcessor",
        "oj-oars/resource/internal/core/app/events/NavigationEventsProcessor",
        "oj-oars/resource/internal/core/app/events/OarsInitErrorProcessor",
        "oj-oars/resource/internal/core/app/events/SelectionProcessor",
        "oj-oars/resource/internal/core/app/events/SoftNavigationProcessor",
        "oj-oars/resource/internal/core/app/events/UpdatePolicyProcessor",
        "oj-oars/resource/internal/core/app/events/VbEnterProcessor",
        "oj-oars/resource/internal/core/app/globalInstance",
        "oj-oars/resource/internal/core/app/globalProperties",
        "oj-oars/resource/internal/core/app/seeding/AcceptableSeedingData",
        "oj-oars/resource/internal/core/app/seeding/MultipleKeysSeedingEvent",
        "oj-oars/resource/internal/core/app/seeding/NavigationEvent",
        "oj-oars/resource/internal/core/app/seeding/PubSubSeedingEvent",
        "oj-oars/resource/internal/core/app/seeding/SeedingDataConverter",
        "oj-oars/resource/internal/core/app/seeding/SeedingEventsHandler",
        "oj-oars/resource/internal/core/app/seeding/SelectSingleValueActionEvent",
        "oj-oars/resource/internal/core/app/seeding/SmartSearchSeedingEvent",
        "oj-oars/resource/internal/core/app/seeding/subscribers/DefaultValueSeedDataSubscriber",
        "oj-oars/resource/internal/core/app/seeding/subscribers/IngestionSeedDataSubscriber",
        "oj-oars/resource/internal/core/app/seeding/subscribers/PolicySeedDataSubscriber",
        "oj-oars/resource/internal/core/app/seeding/subscribers/SearchAndSuggestionQuality",
        "oj-oars/resource/internal/core/app/seeding/subscribers/SuggestionQuality",
        "oj-oars/resource/internal/core/app/seeding/subscribers/TraceSeedDataSubscriber",
        "oj-oars/resource/internal/core/bundle/OarsBundle",
        "oj-oars/resource/internal/core/bundle/component/OarsComponentBundle",
        "oj-oars/resource/internal/core/bundle/fa/OarsFaBundle",
        "oj-oars/resource/internal/core/bundle/local/OarsLocalBundle",
        "oj-oars/resource/internal/core/bundle/vb/OarsVbBundle",
        "oj-oars/resource/internal/core/dynamic/DynamicContextVariables",
        "oj-oars/resource/internal/core/dynamic/DynamicMetadataHelper",
        "oj-oars/resource/internal/core/dynamic/GetSubjectOptions",
        "oj-oars/resource/internal/core/dynamic/SubjectGenerator",
        "oj-oars/resource/internal/core/dynamic/SubscribeHardContextOptions",
        "oj-oars/resource/internal/core/dynamic/SuggestionsMetadataOverlayOptions",
        "oj-oars/resource/internal/core/dynamic/SuggestionsOverlayOptions",
        "oj-oars/resource/internal/core/events/EventBus",
        "oj-oars/resource/internal/core/events/EventBusProcessor",
        "oj-oars/resource/internal/core/events/ExternalPubSubSubscriber",
        "oj-oars/resource/internal/core/events/NavigationSoftEvent",
        "oj-oars/resource/internal/core/events/contex/VbContext",
        "oj-oars/resource/internal/core/events/internal/BaseInternalEvent",
        "oj-oars/resource/internal/core/events/internal/HardContextPropertyChangeEvent",
        "oj-oars/resource/internal/core/events/internal/InternalEvent",
        "oj-oars/resource/internal/core/events/internal/InternalEventType",
        "oj-oars/resource/internal/core/events/internal/OarsInitErrorEvent",
        "oj-oars/resource/internal/core/events/internal/SelectionInternalEvent",
        "oj-oars/resource/internal/core/events/internal/UpdatePolicyEvent",
        "oj-oars/resource/internal/core/events/internal/VbEnterInternalEvent",
        "oj-oars/resource/internal/core/external/ModuleLoader",
        "oj-oars/resource/internal/core/external/OacpModules",
        "oj-oars/resource/internal/core/external/modules",
        "oj-oars/resource/internal/core/helpers/provider/InfiniteDataProvider",
        "oj-oars/resource/internal/core/helpers/provider/LocalFilterDataProvider",
        "oj-oars/resource/internal/core/helpers/provider/RestLocalFilterDataProvider",
        "oj-oars/resource/internal/core/helpers/provider/ServiceConnectionLocalFilterDataProvider",
        "oj-oars/resource/internal/core/helpers/sync/DevSyncTokenProvider",
        "oj-oars/resource/internal/core/helpers/util/remotesource/ServiceConnectionRemoteSource",
        "oj-oars/resource/internal/core/ingestion/IngestionClientFacade",
        "oj-oars/resource/internal/core/ingestion/IngestionConnectionStatus",
        "oj-oars/resource/internal/core/ingestion/IngestionEvictionPolicy",
        "oj-oars/resource/internal/core/ingestion/IngestionEvictionPolicyHandler",
        "oj-oars/resource/internal/core/ingestion/IngestionHttpClient",
        "oj-oars/resource/internal/core/ingestion/IngestionPayload",
        "oj-oars/resource/internal/core/ingestion/IngestionPayloadBuffer",
        "oj-oars/resource/internal/core/ingestion/IngestionPayloadConverter",
        "oj-oars/resource/internal/core/ingestion/IngestionPayloadDataStorage",
        "oj-oars/resource/internal/core/ingestion/IngestionPayloadDbRecord",
        "oj-oars/resource/internal/core/ingestion/IngestionPayloadSerializer",
        "oj-oars/resource/internal/core/ingestion/IngestionProcessor",
        "oj-oars/resource/internal/core/ingestion/IngestionProcessorFactory",
        "oj-oars/resource/internal/core/ingestion/IngestionRequestPayload",
        "oj-oars/resource/internal/core/ingestion/SingleEventIngestionProcessor",
        "oj-oars/resource/internal/core/ingestion/batch/BatchIngestionProcessor",
        "oj-oars/resource/internal/core/ingestion/batch/BatchIngestionProcessorOptions",
        "oj-oars/resource/internal/core/ingestion/config/IngestionConfigurationManager",
        "oj-oars/resource/internal/core/platform/ClsTracerProvider",
        "oj-oars/resource/internal/core/platform/Contexts",
        "oj-oars/resource/internal/core/platform/KeyDataType",
        "oj-oars/resource/internal/core/platform/OTelTraceProvider",
        "oj-oars/resource/internal/core/platform/OarsStatus",
        "oj-oars/resource/internal/core/platform/SuggestionDataMediator",
        "oj-oars/resource/internal/core/platform/SuggestionsContext",
        "oj-oars/resource/internal/core/platform/SuggestionsIdFields",
        "oj-oars/resource/internal/core/platform/seeding/SeedDataPublisher",
        "oj-oars/resource/internal/core/platform/seeding/SeedDataSubscriber",
        "oj-oars/resource/internal/core/platform/seeding/SeedingData",
        "oj-oars/resource/internal/core/platform/seeding/SeedingEventType",
        "oj-oars/resource/internal/core/platform/user/CurrentUserProvider",
        "oj-oars/resource/internal/core/platform/user/NoAuthCurrentUserProvider",
        "oj-oars/resource/internal/core/platform/user/User",
        "oj-oars/resource/internal/core/policy/BaseSuggestionPolicyOptions",
        "oj-oars/resource/internal/core/policy/DecayCalculator",
        "oj-oars/resource/internal/core/policy/GetSuggestionsOptions",
        "oj-oars/resource/internal/core/policy/PolicyHint",
        "oj-oars/resource/internal/core/policy/PolicyStateData",
        "oj-oars/resource/internal/core/policy/Suggestion",
        "oj-oars/resource/internal/core/policy/SuggestionDetails",
        "oj-oars/resource/internal/core/policy/SuggestionQualitySelectionInfo",
        "oj-oars/resource/internal/core/policy/SuggestionsModelName",
        "oj-oars/resource/internal/core/policy/SuggestionsPolicy",
        "oj-oars/resource/internal/core/policy/SuggestionsProvider",
        "oj-oars/resource/internal/core/policy/SuggestionsResult",
        "oj-oars/resource/internal/core/policy/UpdatePolicyOptions",
        "oj-oars/resource/internal/core/policy/ai/AiInputKey",
        "oj-oars/resource/internal/core/policy/ai/AiKeysProvider",
        "oj-oars/resource/internal/core/policy/ai/AiMruPolicy",
        "oj-oars/resource/internal/core/policy/ai/AiMruPolicyOptions",
        "oj-oars/resource/internal/core/policy/ai/AiPolicy",
        "oj-oars/resource/internal/core/policy/ai/AiPolicyOptions",
        "oj-oars/resource/internal/core/policy/ai/AiRemoteSourceArgs",
        "oj-oars/resource/internal/core/policy/ai/AiRemoteSourceBuilder",
        "oj-oars/resource/internal/core/policy/ai/AiRemoteSourceBuilderFactory",
        "oj-oars/resource/internal/core/policy/ai/AiRest1RemoteSource",
        "oj-oars/resource/internal/core/policy/ai/AiRest1RemoteSourceBuilder",
        "oj-oars/resource/internal/core/policy/ai/AiRest1RequestOptions",
        "oj-oars/resource/internal/core/policy/ai/AiRest1Result",
        "oj-oars/resource/internal/core/policy/ai/AiRest2RemoteSource",
        "oj-oars/resource/internal/core/policy/ai/AiRest2RemoteSourceBuilder",
        "oj-oars/resource/internal/core/policy/ai/AiRest2RequestOptions",
        "oj-oars/resource/internal/core/policy/ai/AiRestResult",
        "oj-oars/resource/internal/core/policy/ai/KeyParser",
        "oj-oars/resource/internal/core/policy/ai/aiConfig",
        "oj-oars/resource/internal/core/policy/events/PoliciesInitializedEvent",
        "oj-oars/resource/internal/core/policy/events/PolicyInitializedEvent",
        "oj-oars/resource/internal/core/policy/events/PolicyRefreshEvent",
        "oj-oars/resource/internal/core/policy/factory/CreateSuggestionsPoliciesOptions",
        "oj-oars/resource/internal/core/policy/factory/CreateSuggestionsPolicyInternalArgs",
        "oj-oars/resource/internal/core/policy/factory/CreateSuggestionsPolicyOptions",
        "oj-oars/resource/internal/core/policy/factory/SuggestionsPolicyFactory",
        "oj-oars/resource/internal/core/policy/factory/SuggestionsPolicyOptions",
        "oj-oars/resource/internal/core/policy/factory/SuggestionsPolicyProvider",
        "oj-oars/resource/internal/core/policy/mfru/MfruDataConverter",
        "oj-oars/resource/internal/core/policy/mfru/MfruKey",
        "oj-oars/resource/internal/core/policy/mfru/MfruModel",
        "oj-oars/resource/internal/core/policy/mfru/MfruModelStats",
        "oj-oars/resource/internal/core/policy/mfru/MfruMultiContextModel",
        "oj-oars/resource/internal/core/policy/mfru/MfruMultiContextModelStats",
        "oj-oars/resource/internal/core/policy/mfru/MfruPolicy",
        "oj-oars/resource/internal/core/policy/mfru/MfruPolicyOptions",
        "oj-oars/resource/internal/core/policy/mfru/MfruRecord",
        "oj-oars/resource/internal/core/policy/mfru/MfruStorageSizeCalculator",
        "oj-oars/resource/internal/core/policy/mfru/MfuPolicy",
        "oj-oars/resource/internal/core/policy/mfru/MruPolicy",
        "oj-oars/resource/internal/core/policy/mfru/db/MfruDataStorage",
        "oj-oars/resource/internal/core/policy/mfru/db/MfruDbContextModel",
        "oj-oars/resource/internal/core/policy/mfru/db/MfruDbRecord",
        "oj-oars/resource/internal/core/policy/mfru/db/utils",
        "oj-oars/resource/internal/core/policy/mfru/util/MfruUtil",
        "oj-oars/resource/internal/core/provider/AnyTypeDataProvider",
        "oj-oars/resource/internal/core/provider/AsyncInitializationDataProvider",
        "oj-oars/resource/internal/core/provider/FetchByKeysFunc",
        "oj-oars/resource/internal/core/provider/GetSuggestionsResultConverters",
        "oj-oars/resource/internal/core/provider/InlineMergeDataProvider",
        "oj-oars/resource/internal/core/provider/InlineMergeInstanceDataProvider",
        "oj-oars/resource/internal/core/provider/InlineMergeInstanceDataProviderInitializer",
        "oj-oars/resource/internal/core/provider/InstanceDataProvider",
        "oj-oars/resource/internal/core/provider/InstanceDataProviderInitializer",
        "oj-oars/resource/internal/core/provider/ItemDataProvider",
        "oj-oars/resource/internal/core/provider/ItemInstanceDataProvider",
        "oj-oars/resource/internal/core/provider/ItemInstanceDataProviderInitializer",
        "oj-oars/resource/internal/core/provider/KeyDataProvider",
        "oj-oars/resource/internal/core/provider/NoDataDataProvider",
        "oj-oars/resource/internal/core/provider/ReorderDataProvider",
        "oj-oars/resource/internal/core/provider/ReorderInstanceDataProvider",
        "oj-oars/resource/internal/core/provider/ReorderInstanceDataProviderInitializer",
        "oj-oars/resource/internal/core/provider/SearchSwitchingDataProvider",
        "oj-oars/resource/internal/core/provider/ServiceDataProvider",
        "oj-oars/resource/internal/core/provider/SuggestionsBehavior",
        "oj-oars/resource/internal/core/provider/SuggestionsDataProvider",
        "oj-oars/resource/internal/core/provider/SuggestionsMetadata",
        "oj-oars/resource/internal/core/provider/events/DataProviderRefreshEvent",
        "oj-oars/resource/internal/core/provider/factory/CreateDataProviderInternalOptions",
        "oj-oars/resource/internal/core/provider/factory/CreateDataProviderOptions",
        "oj-oars/resource/internal/core/provider/factory/CreateDynamicDataProviderOptions",
        "oj-oars/resource/internal/core/provider/factory/CreateKeyDataProviderOptions",
        "oj-oars/resource/internal/core/provider/factory/DataProviderFactory",
        "oj-oars/resource/internal/core/provider/factory/LocalSuggestionsBuilderArgs",
        "oj-oars/resource/internal/core/provider/iterator/AsyncFetchFirstIterable",
        "oj-oars/resource/internal/core/provider/iterator/FirstNotEmptyIterable",
        "oj-oars/resource/internal/core/provider/iterator/InfiniteListIterable",
        "oj-oars/resource/internal/core/provider/iterator/InlineMergeIterable",
        "oj-oars/resource/internal/core/provider/iterator/ItemsIterable",
        "oj-oars/resource/internal/core/provider/iterator/KeysIterable",
        "oj-oars/resource/internal/core/provider/iterator/NoDataIterable",
        "oj-oars/resource/internal/core/provider/iterator/ReorderIterable",
        "oj-oars/resource/internal/core/provider/iterator/SingleListIterable",
        "oj-oars/resource/internal/core/provider/util/DataProviderKeyDataTypeDetector",
        "oj-oars/resource/internal/core/provider/util/pageSize",
        "oj-oars/resource/internal/core/recentsearch/RecentSearchConfig",
        "oj-oars/resource/internal/core/recentsearch/RecentSearchFacade",
        "oj-oars/resource/internal/core/recentsearch/RecentSearchHttpClient",
        "oj-oars/resource/internal/core/recentsearch/RecentSearchProcessor",
        "oj-oars/resource/internal/core/recentsearch/RecentSearchProcessorOptions",
        "oj-oars/resource/internal/core/recentsearch/data/AppliedFilter",
        "oj-oars/resource/internal/core/recentsearch/data/GetRecentSearchSuggestionsOptions",
        "oj-oars/resource/internal/core/recentsearch/data/PublishRecentSearchSuggestionsOptions",
        "oj-oars/resource/internal/core/recentsearch/data/RecentSearchSuggestionsResult",
        "oj-oars/resource/internal/core/recentsearch/data/RequestGetRecentSearchSuggestionsPayload",
        "oj-oars/resource/internal/core/recentsearch/data/RequestPublishRecentSearchSuggestionsPayload",
        "oj-oars/resource/internal/core/sync/SyncConfig",
        "oj-oars/resource/internal/core/sync/SyncConnectionStatus",
        "oj-oars/resource/internal/core/sync/SyncFacade",
        "oj-oars/resource/internal/core/sync/SyncHttpClient",
        "oj-oars/resource/internal/core/sync/SyncServiceSynchronizer",
        "oj-oars/resource/internal/core/sync/SyncSubscription",
        "oj-oars/resource/internal/core/sync/SyncSuggestionsPolicy",
        "oj-oars/resource/internal/core/sync/model/SyncContextModel",
        "oj-oars/resource/internal/core/sync/model/SyncPolicyItem",
        "oj-oars/resource/internal/core/sync/model/SyncRecord",
        "oj-oars/resource/internal/core/util/BrowserPropertiesProvider",
        "oj-oars/resource/internal/core/util/DelayedPromise",
        "oj-oars/resource/internal/core/util/EventTargetMixin",
        "oj-oars/resource/internal/core/util/FetchDataHttpClient",
        "oj-oars/resource/internal/core/util/FetchFunc",
        "oj-oars/resource/internal/core/util/GenericEvent",
        "oj-oars/resource/internal/core/util/IndexedDbUtils",
        "oj-oars/resource/internal/core/util/JsonSafeParser",
        "oj-oars/resource/internal/core/util/OarsConfiguration",
        "oj-oars/resource/internal/core/util/SubjectBasedStorage",
        "oj-oars/resource/internal/core/util/UUIDGenerator",
        "oj-oars/resource/internal/core/util/Url",
        "oj-oars/resource/internal/core/util/VbRestHelper",
        "oj-oars/resource/internal/core/util/compressor/NoCompressionStringCompressor",
        "oj-oars/resource/internal/core/util/compressor/StringCompressor",
        "oj-oars/resource/internal/core/util/error/FetchDataError",
        "oj-oars/resource/internal/core/util/http/ConnectionStatus",
        "oj-oars/resource/internal/core/util/http/ConnectionStatusStorage",
        "oj-oars/resource/internal/core/util/http/JsonResponse",
        "oj-oars/resource/internal/core/util/instanceId"        ,
        "oj-oars/resource/internal/core/util/logs/ConsoleLogger"        ,
        "oj-oars/resource/internal/core/util/logs/JetLoggerWrapper"        ,
        "oj-oars/resource/internal/core/util/logs/LogLevel"        ,
        "oj-oars/resource/internal/core/util/logs/PlatformLogger"        ,
        "oj-oars/resource/internal/core/util/logs/RemoteConsoleLogger"        ,
        "oj-oars/resource/internal/core/util/logs/logger"        ,
        "oj-oars/resource/internal/core/util/logs/remoteLogger"        ,
        "oj-oars/resource/internal/core/util/remotesource/CacheDataRemoteSource"        ,
        "oj-oars/resource/internal/core/util/remotesource/ConstructorCallRemoteSource"        ,
        "oj-oars/resource/internal/core/util/remotesource/DataRemoteSource"        ,
        "oj-oars/resource/internal/core/util/remotesource/DefaultIfFailRemoteSource"        ,
        "oj-oars/resource/internal/core/util/remotesource/NotSimultaneousRemoteSource"        ,
        "oj-oars/resource/internal/core/util/remotesource/RestDataRemoteSource"        ,
        "oj-oars/resource/internal/core/util/remotesource/TimeoutRemoteSource"        ,
        "oj-oars/resource/internal/core/ux/sparkle/ListViewItem"        ,
        "oj-oars/resource/internal/core/ux/sparkle/Sparkle"        ,
        "oj-oars/resource/internal/core/ux/sparkle/SparkleListView"        ,
        "oj-oars/resource/internal/core/vb/VbCurrentUserProvider"        ,
        "oj-oars/resource/internal/configuration"
      ],
      "oj-sample/calendar-bundle": [
        "oj-sample/calendar/loader",
        "oj-sample/calendar-event/loader",
        "oj-sample/calendar-provider/loader"
      ],
      "oj-sample/controls-bundle": [
        "oj-sample/checkbox-switch/loader",
        "oj-sample/copy-text/loader",
        "oj-sample/country-picker/loader",
        "oj-sample/export-data/loader",
        "oj-sample/highlight-text/loader",
        "oj-sample/input-email/loader",
        "oj-sample/input-text-typeahead/loader",
        "oj-sample/input-url/loader",
        "oj-sample/metric/loader",
        "oj-sample/organization-tree/loader",
        "oj-sample/organization-tree-item/loader",
        "oj-sample/qr-code/loader",
        "oj-sample/tooltip/loader",
        "oj-sample/utils/validators/emailValidatorFactory",
        "oj-sample/utils/validators/urlValidatorFactory",
        "oj-sample/utils/validators/countryValidatorFactory",
        "oj-sample/utils/export/dataCollectionExporter",
        "oj-sample/utils/export/visualizationExporter",
        "oj-sample/visualization-exporter/loader"
      ],
      "oj-sample/layout-bundle": [
        "oj-sample/drawer/loader",
        "oj-sample/flip-card/loader",
        "oj-sample/online-detector/loader",
        "oj-sample/orientation-detector/loader",
        "oj-sample/show-when-ready/loader",
        "oj-sample/timed-event/loader"
      ],
      "oj-sp/oj-sp-chat-component-bundle": [
        "oj-sp/chat-message-block/loader",
        "oj-sp/chat-container/loader",
        "oj-sp/chat-text/loader",
        "oj-sp/chat-input/loader",
        "oj-sp/chat-card/loader",
        "oj-sp/chat-action/loader",
        "oj-sp/chat-element/loader",
        "oj-sp/chat-attachment-message/loader",
        "oj-sp/common/chat",
        "oj-sp/ai-agent-container/loader"        ,
        "oj-sp/ai-agent-search/loader"        ,
        "oj-sp/internal-resources/components/ai-agent-input/loader"        ,
        "oj-sp/internal-resources/components/complex-filters/loader"
      ],
      "oj-sp/oj-sp-component-bundle": [
        "oj-sp/advanced-create-edit/loader",
        "oj-sp/analytics-canvas/loader",
        "oj-sp/activity-list-item/loader",
        "oj-sp/attachment-chip/loader",
        "oj-sp/attachment-chip-actions/actions/AttachmentChipActions",
        "oj-sp/attachment-chip-actions/public/BossPublicAttachmentChipActions",
        "oj-sp/attachments-common/private/AttachmentManager",
        "oj-sp/attachments-common/private/ComponentUtils",
        "oj-sp/attachments-common/public/AttachmentPublic",
        "oj-sp/attachments-simple/loader",
        "oj-sp/attachments-viewer/loader",
        "oj-sp/attachments/loader",
        "oj-sp/attachments-2/loader",
        "oj-sp/attachments-2-actions/actions/AttachmentActions",
        "oj-sp/attachments-2-actions/view/BossAttachmentsView",
        "oj-sp/attachments-2-actions/view/BossAttachmentsViewType",
        "oj-sp/attachments-2-actions/public/BossPublicAttachmentActions",
        "oj-sp/attachments-2-actions/public/BossPublicAttachmentsView",
        "oj-sp/attachments-2-actions/public/BossPublicDeferredAttachmentActions",
        "oj-sp/attachments-2-actions/transaction/BossDeferredAttachmentTransactionType",
        "oj-sp/bottom-drawer-template/loader",
        "oj-sp/calendar/loader",
        "oj-sp/canvas-page/loader",
        "oj-sp/card/loader",
        "oj-sp/card-footer/loader",
        "oj-sp/collection-container/loader",
        "oj-sp/collection-container-advanced/loader",
        "oj-sp/collection-detail-page/loader",
        "oj-sp/collection-toolbar/loader",
        "oj-sp/columns-configuration-panel/loader",
        "oj-sp/common-strings/resources/nls/common-component-strings",
        "oj-sp/common-util/flex-util",
        "oj-sp/common-util/select-smart-dyn-forms-helper",
        "oj-sp/common-util/TelemetryUtil",
        "oj-sp/common/EventDispatcher",
        "oj-sp/common/action",
        "oj-sp/common/activitystreamutils",
        "oj-sp/common/avatarinfo",
        "oj-sp/common/badge",
        "oj-sp/common/contextualinfo",
        "oj-sp/common/footertext",
        "oj-sp/common/flex/util/flex-boss-util",
        "oj-sp/common/flex/util/kffpartialutils",
        "oj-sp/common/snapping",
        "oj-sp/common/touch-velocity",
        "oj-sp/common/iconinfo",
        "oj-sp/common/imageinfo",
        "oj-sp/common/positionmanager",
        "oj-sp/common/PreviousNextIterator",
        "oj-sp/common/timelineEventTemplateUtils",
        "oj-sp/common/collectionDetailPageUtils",
        "oj-sp/completion-panel/loader",
        "oj-sp/configuration-drawer-template/loader",
        "oj-sp/create-edit-drawer-template/loader",
        "oj-sp/dashboard-grid/loader",
        "oj-sp/dashboard-landing-page/loader",
        "oj-sp/data-management-page/loader",
        "oj-sp/dashboard-panel/loader",
        "oj-sp/data-provider/AggregateSearchDataProvider",
        "oj-sp/data-provider/AggregateSearchOpenApiTransforms",
        "oj-sp/data-provider/AggregateSearchTransforms",
        "oj-sp/data-provider/AutocompleteSearchTransforms",
        "oj-sp/data-provider/BaseKeysHash",
        "oj-sp/data-provider/CompareUtils",
        "oj-sp/data-provider/DataProviderBindingContext",
        "oj-sp/data-provider/DataProviderUtils",
        "oj-sp/data-provider/KeysHashMap",
        "oj-sp/data-provider/KeysHashSet",
        "oj-sp/data-provider/RecentSearchesTransforms",
        "oj-sp/data-provider/SmartSearchAndFilterDataProvider",
        "oj-sp/data-provider/SmartSearchAndFilterTransforms",
        "oj-sp/data-provider/SmartSuggestionChipsDataProvider",
        "oj-sp/data-provider/SuggestionFiltersDataProvider",
        "oj-sp/data-provider/SuggestionFiltersTransforms",
        "oj-sp/detail-panel/loader",
        "oj-sp/data-switcher/loader",
        "oj-sp/diagram-builder/loader",
        "oj-sp/diagram-node/loader",
        "oj-sp/diagram-node/diagram-node-utils",
        "oj-sp/dynamic-dashboard-grid/loader",
        "oj-sp/dynamic-foldout-page/loader",
        "oj-sp/dynamic-scoreboard/loader",
        "oj-sp/email-address-chip/loader",
        "oj-sp/emo-button/loader",
        "oj-sp/empty-state/loader",
        "oj-sp/expandable-list-item/loader",
        "oj-sp/expanded-hover-card/loader",
        "oj-sp/filter-chip/loader",
        "oj-sp/flex-filter-chip/loader",
        "oj-sp/flex-switch/loader",
        "oj-sp/foldout-layout/loader",
        "oj-sp/foldout-panel/loader",
        "oj-sp/foldout-panel-overflow/loader",
        "oj-sp/foldout-panel-summarizing/loader",
        "oj-sp/general-drawer-template/loader",
        "oj-sp/general-overview-page/loader",
        "oj-sp/group-list-item-header/loader",
        "oj-sp/group-list-item-parent/loader",
        "oj-sp/group-list-item-child/loader",
        "oj-sp/guided-process/loader",
        "oj-sp/guided-process-drawer-template/loader",
        "oj-sp/header-create-edit-2/loader",
        "oj-sp/header-create-edit/loader",
        "oj-sp/header-general-overview-2/loader",
        "oj-sp/header-general-overview/loader",
        "oj-sp/header-navigation/loader",
        "oj-sp/header-welcome-banner/loader",
        "oj-sp/hierarchy-card/loader",
        "oj-sp/hierarchy-card-info/loader",
        "oj-sp/hierarchy-viewer/loader",
        "oj-sp/horizontal-overview/loader",
        "oj-sp/image-card/loader",
        "oj-sp/image/loader",
        "oj-sp/in-app-navigation/loader",
        "oj-sp/input-address/loader",
        "oj-sp/input-currency-conversion-rate/loader",
        "oj-sp/input-currency/loader",
        "oj-sp/input-email/loader",
        "oj-sp/input-key-flex-field/loader",
        "oj-sp/input-phone-number/loader",
        "oj-sp/input-url/loader",
        "oj-sp/item-overview-page/loader",
        "oj-sp/item-overview/loader",
        "oj-sp/list-item-template/loader",
        "oj-sp/list-section/loader",
        "oj-sp/media-section/loader",
        "oj-sp/message-banner-unsaved-changes/loader",
        "oj-sp/message-dialog-destructive/loader",
        "oj-sp/messages-toast/loader",
        "oj-sp/metric-card/loader",
        "oj-sp/mini-card/loader",
        "oj-sp/messages-multi-toast/loader",
        "oj-sp/messages-manager/loader",
        "oj-sp/messages/loader",
        "oj-sp/network-flow-diagram/loader",
        "oj-sp/object-card/loader",
        "oj-sp/overflow/loader",
        "oj-sp/preview-card/loader",
        "oj-sp/primary-action-feedback/loader",
        "oj-sp/profile-card/loader",
        "oj-sp/recommendation-card/loader",
        "oj-sp/scoreboard/loader",
        "oj-sp/scoreboard-metric-card/loader",
        "oj-sp/section/loader",
        "oj-sp/section-edit/loader",
        "oj-sp/section-collection-edit/loader",
        "oj-sp/select-single-currency/loader",
        "oj-sp/select-single-item-template/loader",
        "oj-sp/selection-chart-card/loader",
        "oj-sp/simple-create-edit/loader",
        "oj-sp/skill-chip/loader",
        "oj-sp/smart-filter-search/loader",
        "oj-sp/smart-search/loader",
        "oj-sp/smart-search/default-filters/KeywordFilter",
        "oj-sp/smart-search/default-filters/ToggleFilter",
        "oj-sp/smart-search/default-filters/NumericRangeFilter",
        "oj-sp/smart-search/default-filters/DateRangeFilter",
        "oj-sp/smart-search/default-filters/SelectSingleFilter"        ,
        "oj-sp/smart-search/default-filters/SelectMultipleFilter"        ,
        "oj-sp/smart-search/default-filters/BigNumericRangeFilter"        ,
        "oj-sp/smart-search/strategies/BossSearchStrategyFactory"        ,
        "oj-sp/smart-search/strategies/JsonSearchConfigProviderFactory"        ,
        "oj-sp/smart-search/strategies/BookmarkableTokenBuilder"        ,
        "oj-sp/smart-search-page/loader"        ,
        "oj-sp/smart-filters/loader"        ,
        "oj-sp/smart-select-single/loader"        ,
        "oj-sp/sort-configuration-panel/loader"        ,
        "oj-sp/summarizing-collection/loader"        ,
        "oj-sp/task-card/loader"        ,
        "oj-sp/thumbnail/loader"        ,
        "oj-sp/timeline-event-template/loader"        ,
        "oj-sp/timestamp/loader"        ,
        "oj-sp/vertical-overview/loader"        ,
        "oj-sp/vertical-anchor-navigator/loader"        ,
        "oj-sp/welcome-page/loader"        ,
        "oj-sp/timestamp/loader"        ,
        "oj-sp/flex-checkbox/loader"        ,
        "oj-sp/item-gauge/loader"        ,
        "oj-sp/common/flex/converters/FlexUpperCaseConverter"        ,
        "oj-sp/converters/phone/E164Converter"        ,
        "oj-sp/information-organizer/loader"        ,
        "oj-sp/internal-resources/components/collection-toolbars/loader"        ,
        "oj-sp/internal-resources/components/color-thief/color-thief"        ,
        "oj-sp/internal-resources/components/expandable-panel/loader"        ,
        "oj-sp/output-rich-text/loader"        ,
        "oj-sp/visual-space-page/loader"        ,
        "oj-sp/collection-edit-item-template/loader"        ,
        "oj-sp/databurst/loader"
      ],
      "oj-sp/oj-sp-input-rich-text-bundle": [
        "oj-sp/input-rich-text/loader",
        "oj-sp/input-rich-text-2/loader"
      ],
      "oj-sp/spectra-shell/oj-sp-shell-bundle": [
        "oj-sp/about-page/loader",
        "oj-sp/ask-oracle-navigation-list/loader",
        "oj-sp/ask-oracle-notifications/loader",
        "oj-sp/ask-oracle-search/loader",
        "oj-sp/ask-oracle-user-profile/loader",
        "oj-sp/ask-oracle/loader",
        "oj-sp/ask-oracle-coach-mark/loader",
        "oj-sp/common-strings/resources/nls/common-shell-strings",
        "oj-sp/common-util/common-util",
        "oj-sp/common-util/mobileVerticalSwipeHandler",
        "oj-sp/common-util/fa-public-utils",
        "oj-sp/css-additions/loader",
        "oj-sp/fa-css/fa-css",
        "oj-sp/global-header/loader",
        "oj-sp/global-user-menu/loader",
        "oj-sp/navigator/loader",
        "oj-sp/notifications/loader",
        "oj-sp/pillar-theme/loader",
        "oj-sp/simple-ui-shell/loader",
        "oj-sp/ux-image-gallery/loader",
        "oj-sp/sandbox-banner/loader",
        "oj-sp/ask-oracle-splash-screen/loader",
        "oj-sp/ask-oracle-product-map/loader",
        "oj-sp/message-dialog-general/loader",
        "oj-sp/messages-banner/loader",
        "oj-sp/message-unsaved-changes/loader"        ,
        "oj-sp/notification-subscription-dialog/loader"
      ]

    }
  },
  "services": {},
  "translations": {
    "appBundle": {
      "path": "./resources/strings/appBundle/nls/appBundle-strings"
    }
  },
  "types": {},
  "variables": {},
  "userConfig": {
    "type": "vb/DefaultSecurityProvider",
    "configuration": {},
    "embedding": "deny"
  },
  "security": {
    "access": {
      "requiresAuthentication": false
    }
  },
  "flows": {},
  "settings": {
    "stopValidationPreLoading": true
  },
  "events": {
    "spShowToast": {
      "payloadType": {
        "message": "string"
      },
      "description": "Fire this event with an acknowledgement message to indicate to user that an operation was successful. The shell page will render the message using oj-sp-messages-toast component."
    }
  }
}
