{
    "audio_duration": 45.461,
    "result": " Anomaly detection is a critical task in various industries where identifying usual patterns or outliers can prevent costly issues or even disasters. In advanced manufacturing, for instance, detecting anomalies in sensor data from systems like ultrafiltration or circulation subsystems can help predict maintenance needs and avoid equipment failure. Techniques such as clustering methods like DB scan and AI models like isolation forests allow for unsupervised detection of outliers, even when working with unlabeled data. By analysing pressure, temperature and slow readings, these algorithms can highlight potential malfunctions early, improving operational efficiency and ensuring long-term reliability.",
    "source_lang": "en",
    "target_lang": "en",
    "time_ratio_trans": 0.18710882512004462,
    "transalated": " Anomaly detection is a critical task in various industries where identifying usual patterns or outliers can prevent costly issues or even disasters.  In advanced manufacturing, for instance, detecting anomalies in sensor data from systems like ultrafiltration or circulation subsystems can help predict maintenance needs and avoid equipment failure.  Techniques such as clustering methods like DB scan and AI models like isolation forests allow for unsupervised detection of outliers, even when working with unlabeled data.  By analysing pressure, temperature and slow readings, these algorithms can highlight potential malfunctions early, improving operational efficiency and ensuring long-term reliability.",
    "transcription_time": 8.506154298782349
}