{
    "openapi": "3.0.0",
    "info": {
        "title": "Clone",
        "version": "1.0.0"
    },
    "servers": [
        {
            "url": "vb-catalog://backends/Send-Recording",
            "description": "Send Recording"
        }
    ],
    "paths": {
        "/amd": {
            "post": {
                "operationId": "postAmd",
                "requestBody": {
                    "content": {
                        "multipart/form-data": {
                            "schema": {
                                "$ref": "#/components/schemas/PostAmdRequest"
                            }
                        }
                    }
                },
                "responses": {
                    "default": {
                        "description": "Response for default",
                        "content": {
                            "application/json": {
                                "schema": {
                                    "$ref": "#/components/schemas/PostAmdResponse"
                                },
                                "examples": {
                                    "vb": {
                                        "summary": "Example stored by VB User",
                                        "externalValue": "./examples/postAmd/response_default_application_json_vb.json"
                                    }
                                }
                            }
                        }
                    }
                },
                "x-vb": {
                    "actionHint": "create"
                }
            }
        }
    },
    "components": {
        "schemas": {
            "PostAmdRequest": {
                "type": "object",
                "properties": {
                    "file": {
                        "type": "string",
                        "format": "binary"
                    },
                    "targetLang": {
                        "type": "string"
                    },
                    "userID": {
                        "type": "string"
                    }
                }
            },
            "PostAmdResponse": {
                "type": "object",
                "properties": {
                    "audio_data": {
                        "type": "string"
                    },
                    "audio_duration": {
                        "type": "number"
                    },
                    "audio_filename": {
                        "type": "string"
                    },
                    "content_type": {
                        "type": "string"
                    },
                    "result": {
                        "type": "string"
                    },
                    "source_lang": {
                        "type": "string"
                    },
                    "target_lang": {
                        "type": "string"
                    },
                    "time_ratio_trans": {
                        "type": "number"
                    },
                    "transcription_time": {
                        "type": "number"
                    },
                    "translated": {
                        "type": "string"
                    }
                }
            }
        }
    }
}