{
    "openapi": "3.0.0",
    "info": {
        "title": "LINGUIFY",
        "version": "1.0.0"
    },
    "servers": [
        {
            "url": "vb-catalog://backends/Send-Recording"
        }
    ],
    "paths": {
        "/process": {
            "post": {
                "operationId": "postProcess",
                "requestBody": {
                    "content": {
                        "multipart/form-data": {
                            "schema": {
                                "$ref": "#/components/schemas/PostProcessRequest"
                            }
                        }
                    }
                },
                "responses": {
                    "default": {
                        "description": "Default response",
                        "content": {
                            "application/json": {
                                "schema": {
                                    "$ref": "#/components/schemas/PostProcessResponse"
                                },
                                "examples": {
                                    "vb": {
                                        "externalValue": "./examples/postProcess/response_default_application_json_vb.json"
                                    }
                                }
                        }
                        }
                    }
                },
                "x-vb": {
                    "actionHint": "create"
                }
            }
        }
    },
    "components": {
        "schemas": {
            "PostProcessRequest": {
                "type": "object",
                "properties": {
                    "file": {
                        "type": "string",
                        "format": "binary"
                    },
                    "targetLang": {
                        "type": "string"
                    },
                    "userID": {
                        "type": "string"
                    }
                }
            },
            "PostProcessResponse": {
                "type": "object",
                "properties": {
                    "audio_duration": {
                        "type": "number"
                    },
                    "result": {
                        "type": "string"
                    },
                    "source_lang": {
                        "type": "string"
                    },
                    "target_lang": {
                        "type": "string"
                    },
                    "time_ratio_trans": {
                        "type": "number"
                    },
                    "transalated": {
                        "type": "string"
                    },
                    "transcription_time": {
                        "type": "number"
                    }
                }
            }
        }
    }
}