{
  "title": "",
  "description": "",
  "variables": {
    "audioFiles": {
      "type": "object[]"
    },
    "audioIndex": {
      "type": "number"
    },
    "hasSample": {
      "type": "boolean",
      "defaultValue": false
    },
    "isRecording": {
      "type": "boolean"
    },
    "showWelcomeBanner": {
      "type": "boolean",
      "defaultValue": true
    },
    "audioBlob": {
      "type": "any"
    },
    "backgroundColor": {
      "type": "string",
      "defaultValue": "dark-ocean"
    },
    "fileName": {
      "type": "string"
    },
    "filesListSDP": {
      "type": "vb/ServiceDataProvider",
      "defaultValue": {
        "endpoint": "businessObjects/getall_Files",
        "keyAttributes": "id",
        "itemsPath": "items",
        "responseType": "getallFilesResponse"
      }
    },
    "getAllObjectListSDP": {
      "type": "vb/ServiceDataProvider",
      "defaultValue": {
        "endpoint": "ObjectStorage/getAllObject",
        "keyAttributes": "name",
        "itemsPath": "objects",
        "responseType": "getAllObjectResponse"
      }
    },
    "illustrationBackground": {
      "type": "string",
      "defaultValue": "https://static.oracle.com/cdn/fnd/gallery/2307.0.2/images/illust-welcome-banner-bg-01.png"
    },
    "illustrationForeground": {
      "type": "string",
      "defaultValue": "https://static.oracle.com/cdn/fnd/gallery/2307.0.2/images/illust-welcome-banner-fg-01.png"
    },
    "imageStretch": {
      "type": "string",
      "defaultValue": "none"
    },
    "mobileImage": {
      "type": "string",
      "defaultValue": "on"
    },
    "recordFlag": {
      "type": "boolean",
      "defaultValue": false
    },
    "searchText": {
      "type": "string"
    },
    "showDialog": {
      "type": "boolean",
      "defaultValue": false
    },
    "timeLeft": {
      "type": "string"
    },
    "transcript": {
      "type": "string"
    },
    "username": {
      "type": "string"
    }

  },
  "metadata": {},
  "types": {
    "@decorators.getallFilesResponse": {
      "endpoint": "getall_Files",
      "service": "businessObjects",
      "path": "response"
    },
    "@decorators.getAllObjectResponse": {
      "endpoint": "getAllObject",
      "service": "ObjectStorage",
      "path": "response"
    },
    "@decorators.postIntel": {
      "endpoint": "postIntel",
      "service": "Test",
      "path": "response"
    },
    "@decorators.postRequest": {
      "endpoint": "postProcess",
      "service": "LINGUIFY",
      "path": "request"
    },
    "@decorators.postResponse": {
      "endpoint": "postProcess",
      "service": "LINGUIFY",
      "path": "response"
    },
    "getallFilesResponse": {
      "items": [
        {
          "fileName": "string",
          "filePath": "string",
          "id": "number",
          "transcriptPath": "string"
        }
      ]
    },
    "getAllObjectResponse": {
      "objects": [
        {
          "name": "string"
        }
      ]
    },
    "postIntel": {
      "audio_data": "string",
      "audio_duration": "number",
      "audio_filename": "string",
      "content_type": "string",
      "result": "string",
      "source_lang": "string",
      "target_lang": "string",
      "time_ratio_trans": "number",
      "transalated": "string",
      "transcription_time": "number"
    },
    "postRequest": {
      "file": "string",
      "targetLang": "string",
      "userID": "string"
    },
    "postResponse": {
      "audio_duration": "number",
      "result": "string",
      "source_lang": "string",
      "target_lang": "string",
      "time_ratio_trans": "number",
      "transalated": "string",
      "transcription_time": "number"
    }

  },
  "eventListeners": {

    "buttonAction2": {
      "chains": [
        {
          "chain": "submitAudio"
        }
      ]
    },
    "buttonAction3": {
      "chains": [
        {
          "chain": "removeAudioFileAction"
        }
      ]
    },
    "buttonClick": {
      "chains": [
        {
          "chain": "removeAudioFileAction"
        }
      ]
    },
    "buttonCurrentIndexAction": {
      "chains": [
        {
          "chain": "removeFile",
          "parameters": {
            "fileIndex": "[[$current.index]]",
            "fileData": "$current.data"
          }
        }
      ]
    },
    "buttonStartAction": {
      "chains": [
        {
          "chain": "beginRecording"
        }
      ]
    },
    "buttonStopAction": {
      "chains": [
        {
          "chain": "finishRecording"
        }
      ]
    },
    "filePickerSelect": {
      "chains": [
        {
          "chain": "FilePickerSelectChain",
          "parameters": {
            "files": "[[ Array.prototype.slice.call($event.detail.files) ]]"
          }
        }
      ]
    },
    "ojButton18968157653Action": {
      "chains": [
        {
          "chain": "startSample"
        }
      ]
    },
    "resetAction": {
      "chains": [
        {
          "chain": "resetAudio"
        }
      ]
    },
    "submitButtonAction": {
      "chains": [
        {
          "chain": "handleSubmit"
        }
      ]
    },
    "uploadAudioAction": {
      "chains": [
        {
          "chain": "ButtonActionChain3"
        }
      ]
    },
    "vbEnter": {
      "chains": [
        {
          "parameters": {},
          "chain": "vbEnterChangeListener"
        }
      ]
    }

  },
  "imports": {
    "components": {
      "oj-button": {
        "path": "ojs/ojbutton"
      },
      "oj-dialog": {
        "path": "ojs/ojdialog"
      },
      "oj-file-picker": {
        "path": "ojs/ojfilepicker"
      },
      "oj-highlight-text": {
        "path": "ojs/ojhighlighttext"
      },
      "oj-input-text": {
        "path": "ojs/ojinputtext"
      },
      "oj-label": {
        "path": "ojs/ojlabel"
      },
      "oj-progress-bar": {
        "path": "ojs/ojprogress-bar"
      },
      "oj-sp-welcome-page": {
        "path": "oj-sp/welcome-page/loader"
      },
      "oj-toolbar": {
        "path": "ojs/ojtoolbar"
      }

    }
  },
  "security": {
    "access": {
      "requiresAuthentication": false
    }
  },
  "constants": {},
  "events": {}
}
