{
  "component-dependencies": {
    "oj-sp": {
      "version": "2410.0.3",
      "components": {
        "messages-banner": "2410.0.3",
        "messages-toast": "2410.0.3",
        "welcome-page": "2410.0.3",
        "card": "2410.0.3",
        "section": "2410.0.3",
        "advanced-create-edit": "2410.0.3",
        "vertical-anchor-navigator": "2410.0.3",
        "message-unsaved-changes": "2410.0.3",
        "simple-create-edit": "2410.0.3",
        "dashboard-landing-page": "2410.0.3",
        "scoreboard": "2410.0.3",
        "dashboard-grid": "2410.0.3",
        "dashboard-panel": "2410.0.3",
        "general-overview-page": "2410.0.3",
        "data-management-page": "2410.0.3",
        "collection-container-advanced": "2410.0.3",
        "general-drawer-template": "2410.0.3",
        "bottom-drawer-template": "2410.0.3",
        "collection-container": "2410.0.3",
        "canvas-page": "2410.0.3",
        "guided-process": "2410.0.3",
        "item-overview-page": "2410.0.3",
        "item-overview": "2410.0.3"
      }
    },
    "oj-sample": {
      "version": "8.0.0",
      "components": {
        "timed-event": "8.0.0"
      }
    },
    "oj-dynamic": {
      "version": "16.1.6",
      "components": {
        "form": "16.1.6"
      }
    },
    "oj-dyn": {
      "version": "16.1.6",
      "components": {
        "form": "16.1.6"
      }
    }
  }
 }